Transaction number, Date, Time, Client ID, Message, Digital signature, Verified, Transaction status
0, 2017/10/29, 17:34:34, 1676727015, 2425, 26533, no, N/A
1, 2017/10/29, 17:34:35, 1007356465, 22344, 348390, yes, deposit rejected
2, 2017/10/29, 17:34:35, 1231942602, 7212, 399733, yes, deposit accepted
3, 2017/10/29, 17:34:36, 1271322811, 3156, 78478, yes, withdrawal accepted
4, 2017/10/29, 17:34:37, 1544602664, 22948, 12439, no, N/A
5, 2017/10/29, 17:34:37, 0801780032, 1129, 186220, yes, withdrawal accepted
6, 2017/10/29, 17:34:37, 2132884990, 16755, 491555, yes, withdrawal rejected
7, 2017/10/29, 17:34:39, 0065166887, 24736, 243644, yes, withdrawal rejected
8, 2017/10/29, 17:34:40, 0298469077, 28471, 174154, yes, deposit rejected
9, 2017/10/29, 17:34:41, 1429323663, 21339, 3072, yes, withdrawal accepted
10, 2017/10/29, 17:34:41, 0710474532, 26247, 119864, yes, withdrawal rejected
11, 2017/10/29, 17:34:41, 1005605881, 12304, 466661, yes, deposit rejected
12, 2017/10/29, 17:34:42, 0202113123, 317, 32529, no, N/A
13, 2017/10/29, 17:34:42, 1820729040, 2994, 281164, yes, deposit accepted
14, 2017/10/29, 17:34:43, 0085189874, 20629, 652036, no, N/A
15, 2017/10/29, 17:34:45, 0989627360, 24671, 259699, yes, deposit rejected
16, 2017/10/29, 17:34:46, 1506018414, 11031, 168694, yes, deposit accepted
17, 2017/10/29, 17:34:46, 0627942095, 11366, 262169, yes, withdrawal rejected
18, 2017/10/29, 17:34:46, 0911280607, 28437, 282087, yes, withdrawal rejected
19, 2017/10/29, 17:34:46, 0224775609, 1273, 99867, yes, deposit accepted
20, 2017/10/29, 17:34:47, 1936187470, 6854, 320753, yes, deposit rejected
21, 2017/10/29, 17:34:49, 1694380451, 22718, 271659, yes, withdrawal rejected
22, 2017/10/29, 17:34:51, 1046878571, 4466, 492608, yes, withdrawal accepted
23, 2017/10/29, 17:34:51, 1035646226, 6199, 463911, yes, withdrawal accepted
24, 2017/10/29, 17:34:52, 1419313076, 7013, 513631, yes, deposit accepted
25, 2017/10/29, 17:34:53, 0632253258, 25296, 223954, yes, withdrawal rejected
26, 2017/10/29, 17:34:53, 0257416427, 27124, 802975, yes, deposit rejected
27, 2017/10/29, 17:34:53, 1552699391, 24845, 18459, no, N/A
28, 2017/10/29, 17:34:53, 1798826212, 13886, 317129, yes, withdrawal rejected
29, 2017/10/29, 17:34:53, 1299810363, 6004, 103369, yes, deposit accepted
30, 2017/10/29, 17:34:54, 1642467637, 10769, 56155, yes, withdrawal rejected
31, 2017/10/29, 17:34:54, 0767259868, 21467, 17714, no, N/A
32, 2017/10/29, 17:34:55, 1983188159, 12982, 52175, yes, deposit rejected
33, 2017/10/29, 17:34:57, 1898409101, 24635, 161019, yes, withdrawal rejected
34, 2017/10/29, 17:34:57, 1464408786, 16526, 233825, yes, withdrawal accepted
35, 2017/10/29, 17:34:58, 0065166887, 3359, 371568, yes, withdrawal accepted
36, 2017/10/29, 17:34:59, 0105189218, 9120, 450946, yes, deposit accepted
37, 2017/10/29, 17:35:00, 1430609052, 13340, 49220, no, N/A
38, 2017/10/29, 17:35:00, 2131967187, 24805, 30990, no, N/A
39, 2017/10/29, 17:35:01, 1166775767, 22987, 263397, yes, withdrawal accepted
40, 2017/10/29, 17:35:02, 1298104955, 23454, 521941, yes, deposit rejected
41, 2017/10/29, 17:35:02, 0152150684, 27806, 249311, yes, withdrawal rejected
42, 2017/10/29, 17:35:03, 1718944972, 14331, 125889, yes, deposit rejected
43, 2017/10/29, 17:35:04, 1496662178, 19070, 39109, no, N/A
44, 2017/10/29, 17:35:05, 0841550147, 24400, 304625, yes, deposit rejected
45, 2017/10/29, 17:35:06, 0814862641, 9793, 58832, yes, deposit accepted
46, 2017/10/29, 17:35:06, 1638623666, 22678, 483958, yes, withdrawal accepted
47, 2017/10/29, 17:35:07, 1624342755, 24365, 8176, no, N/A
48, 2017/10/29, 17:35:08, 1694421595, 2798, 613588, yes, withdrawal accepted
49, 2017/10/29, 17:35:09, 1367919747, 5297, 338984, yes, withdrawal rejected
50, 2017/10/29, 17:35:10, 2100724984, 21158, 132039, yes, withdrawal rejected
51, 2017/10/29, 17:35:12, 1920056874, 14523, 266558, yes, deposit accepted
52, 2017/10/29, 17:35:12, 0829479580, 1672, 4035, no, N/A
53, 2017/10/29, 17:35:12, 1524339715, 28915, 93900, yes, withdrawal rejected
54, 2017/10/29, 17:35:13, 1635659700, 6875, 29503, no, N/A
55, 2017/10/29, 17:35:13, 1174582257, 548, 360944, yes, withdrawal accepted
56, 2017/10/29, 17:35:14, 1419313076, 23252, 650760, yes, deposit rejected
57, 2017/10/29, 17:35:15, 0142967037, 20972, 268632, yes, deposit rejected
58, 2017/10/29, 17:35:16, 1146379609, 4637, 184311, yes, withdrawal accepted
59, 2017/10/29, 17:35:17, 1162843625, 20151, 348171, yes, deposit rejected
60, 2017/10/29, 17:35:17, 0504269268, 18280, 11008, yes, deposit rejected
61, 2017/10/29, 17:35:17, 1367379153, 159, 168184, yes, withdrawal accepted
62, 2017/10/29, 17:35:18, 1644623238, 18616, 642848, yes, withdrawal rejected
63, 2017/10/29, 17:35:19, 1056996197, 367, 24077, no, N/A
64, 2017/10/29, 17:35:20, 0445385081, 22168, 124555, yes, withdrawal rejected
65, 2017/10/29, 17:35:22, 1811362910, 27039, 887737, yes, withdrawal accepted
66, 2017/10/29, 17:35:23, 0392085068, 28963, 483627, yes, deposit rejected
67, 2017/10/29, 17:35:25, 1586289393, 18725, 13228, yes, withdrawal accepted
68, 2017/10/29, 17:35:25, 1354562656, 25709, 51901, no, N/A
69, 2017/10/29, 17:35:26, 0343466238, 18773, 355745, yes, deposit rejected
70, 2017/10/29, 17:35:27, 0373552546, 12112, 452109, yes, deposit rejected
71, 2017/10/29, 17:35:27, 0064638827, 11898, 36273, no, N/A
72, 2017/10/29, 17:35:28, 0499612512, 9899, 37756, no, N/A
73, 2017/10/29, 17:35:29, 0060340137, 2687, 21292, no, N/A
74, 2017/10/29, 17:35:29, 0349219220, 2708, 23677, yes, withdrawal accepted
75, 2017/10/29, 17:35:29, 1991063993, 22798, 289032, yes, withdrawal rejected
76, 2017/10/29, 17:35:30, 1752475549, 16652, 111649, yes, deposit rejected
77, 2017/10/29, 17:35:30, 1820729040, 20002, 9552, yes, deposit rejected
78, 2017/10/29, 17:35:30, 0056383336, 17755, 365288, yes, withdrawal accepted
79, 2017/10/29, 17:35:32, 0814862641, 3595, 285311, yes, withdrawal accepted
80, 2017/10/29, 17:35:33, 1577312590, 23706, 122059, yes, withdrawal rejected
81, 2017/10/29, 17:35:34, 2039568389, 20515, 40956, no, N/A
82, 2017/10/29, 17:35:35, 0700722118, 24189, 452228, yes, withdrawal rejected
83, 2017/10/29, 17:35:36, 1715163912, 2560, 7403, no, N/A
84, 2017/10/29, 17:35:36, 0314242567, 5319, 505877, yes, withdrawal accepted
85, 2017/10/29, 17:35:38, 1415482407, 27077, 408966, yes, withdrawal rejected
86, 2017/10/29, 17:35:40, 0560262761, 14414, 255050, yes, deposit accepted
87, 2017/10/29, 17:35:40, 1553044049, 22378, 301608, yes, withdrawal rejected
88, 2017/10/29, 17:35:40, 0829479580, 26092, 412738, yes, deposit rejected
89, 2017/10/29, 17:35:40, 0189625279, 7594, 11245, no, N/A
90, 2017/10/29, 17:35:41, 1824495189, 18114, 631348, yes, deposit accepted
91, 2017/10/29, 17:35:42, 0273629146, 5234, 446327, yes, deposit accepted
92, 2017/10/29, 17:35:42, 0085091435, 29528, 297153, yes, withdrawal rejected
93, 2017/10/29, 17:35:42, 1146379609, 24450, 269010, yes, deposit rejected
94, 2017/10/29, 17:35:42, 1189893589, 5563, 274332, yes, deposit rejected
95, 2017/10/29, 17:35:43, 1775801022, 14460, 323721, yes, deposit rejected
96, 2017/10/29, 17:35:43, 1496662178, 2213, 444533, yes, deposit accepted
97, 2017/10/29, 17:35:44, 0801355073, 17352, 127429, yes, deposit rejected
98, 2017/10/29, 17:35:45, 0254257271, 26833, 645591, yes, deposit rejected
99, 2017/10/29, 17:35:45, 0226440034, 3337, 6227, no, N/A
100, 2017/10/29, 17:35:45, 0498017544, 1140, 58351, no, N/A
101, 2017/10/29, 17:35:46, 0066885374, 27186, 52132, yes, withdrawal rejected
102, 2017/10/29, 17:35:48, 1104012402, 10428, 607980, yes, withdrawal accepted
103, 2017/10/29, 17:35:48, 0431578237, 11854, 142782, yes, deposit rejected
104, 2017/10/29, 17:35:48, 0521646324, 5171, 15596, yes, deposit accepted
105, 2017/10/29, 17:35:49, 1171654299, 29812, 6260, no, N/A
106, 2017/10/29, 17:35:49, 1547331463, 9504, 246004, yes, deposit rejected
107, 2017/10/29, 17:35:49, 1618745231, 21941, 142771, yes, deposit rejected
108, 2017/10/29, 17:35:50, 0836986231, 8011, 860002, yes, deposit accepted
109, 2017/10/29, 17:35:52, 1824495189, 22445, 133662, yes, withdrawal rejected
110, 2017/10/29, 17:35:52, 1775801022, 16837, 8825, no, N/A
111, 2017/10/29, 17:35:53, 1971664361, 24074, 144670, yes, deposit rejected
112, 2017/10/29, 17:35:55, 1501579032, 7839, 39574, no, N/A
113, 2017/10/29, 17:35:55, 1293488272, 1224, 31778, yes, deposit rejected
114, 2017/10/29, 17:35:56, 0801355073, 5271, 346678, yes, deposit rejected
115, 2017/10/29, 17:35:56, 0632253258, 3102, 552700, yes, deposit accepted
116, 2017/10/29, 17:35:56, 0442464720, 6990, 46591, yes, deposit accepted
117, 2017/10/29, 17:35:56, 1988101429, 18716, 233690, yes, withdrawal rejected
118, 2017/10/29, 17:35:57, 0392085068, 6257, 331537, yes, withdrawal accepted
119, 2017/10/29, 17:35:59, 2127574077, 4405, 617056, yes, withdrawal accepted
120, 2017/10/29, 17:35:59, 2132785170, 11372, 277671, yes, deposit rejected
121, 2017/10/29, 17:36:02, 1351432146, 5058, 146216, yes, withdrawal accepted
122, 2017/10/29, 17:36:02, 1580085475, 17056, 412491, yes, withdrawal rejected
123, 2017/10/29, 17:36:03, 0272667830, 758, 100717, yes, withdrawal accepted
124, 2017/10/29, 17:36:03, 1016934657, 2433, 363408, yes, deposit accepted
125, 2017/10/29, 17:36:04, 0528875308, 26911, 2744, no, N/A
126, 2017/10/29, 17:36:05, 1715163912, 13798, 5228, yes, withdrawal accepted
127, 2017/10/29, 17:36:05, 1532291445, 24796, 104664, yes, withdrawal accepted
128, 2017/10/29, 17:36:05, 1104012402, 2898, 39218, no, N/A
129, 2017/10/29, 17:36:05, 2016331327, 14481, 86948, yes, deposit rejected
130, 2017/10/29, 17:36:05, 1807936612, 12392, 23475, no, N/A
131, 2017/10/29, 17:36:06, 1953760525, 10709, 737, no, N/A
132, 2017/10/29, 17:36:06, 1519036175, 12295, 332813, yes, withdrawal rejected
133, 2017/10/29, 17:36:06, 1101415471, 13954, 180862, yes, deposit rejected
134, 2017/10/29, 17:36:06, 0499612512, 17031, 415744, yes, deposit accepted
135, 2017/10/29, 17:36:07, 1125187120, 3733, 22759, no, N/A
136, 2017/10/29, 17:36:07, 1429323663, 21485, 3848, no, N/A
137, 2017/10/29, 17:36:07, 0462571814, 2464, 110624, yes, deposit accepted
138, 2017/10/29, 17:36:08, 0060340137, 24418, 213954, yes, withdrawal rejected
139, 2017/10/29, 17:36:08, 1481542698, 22577, 152287, yes, withdrawal rejected
140, 2017/10/29, 17:36:08, 1936187470, 6110, 440864, yes, deposit rejected
141, 2017/10/29, 17:36:10, 1415482407, 1545, 356641, yes, withdrawal accepted
142, 2017/10/29, 17:36:11, 1676727015, 2447, 233501, yes, withdrawal accepted
143, 2017/10/29, 17:36:12, 1146379609, 23692, 271837, yes, deposit rejected
144, 2017/10/29, 17:36:13, 1638771930, 27118, 507307, yes, withdrawal rejected
145, 2017/10/29, 17:36:14, 1772534073, 4940, 21177, no, N/A
146, 2017/10/29, 17:36:14, 0445385081, 8617, 886916, yes, withdrawal rejected
147, 2017/10/29, 17:36:16, 1427456419, 23299, 58688, no, N/A
148, 2017/10/29, 17:36:17, 1925409958, 24578, 539267, yes, withdrawal rejected
149, 2017/10/29, 17:36:19, 1311814314, 16905, 348457, yes, withdrawal rejected
150, 2017/10/29, 17:36:20, 1042056232, 16934, 8490, yes, deposit rejected
151, 2017/10/29, 17:36:20, 0386034853, 10699, 35958, no, N/A
152, 2017/10/29, 17:36:21, 1056996197, 15686, 19499, no, N/A
153, 2017/10/29, 17:36:22, 0226440034, 17205, 57208, no, N/A
154, 2017/10/29, 17:36:22, 1246777698, 20585, 184909, yes, withdrawal rejected
155, 2017/10/29, 17:36:23, 0431578237, 27464, 26744, yes, deposit rejected
156, 2017/10/29, 17:36:23, 1178623783, 13394, 24133, no, N/A
157, 2017/10/29, 17:36:24, 1875149654, 25027, 5189, no, N/A
158, 2017/10/29, 17:36:25, 0224531376, 13184, 478535, yes, deposit accepted
159, 2017/10/29, 17:36:25, 0344685424, 16442, 571, no, N/A
160, 2017/10/29, 17:36:26, 1837686826, 15951, 49577, yes, deposit accepted
161, 2017/10/29, 17:36:28, 0428436398, 16082, 35439, yes, deposit rejected
162, 2017/10/29, 17:36:28, 1237876635, 10592, 460680, yes, deposit rejected
163, 2017/10/29, 17:36:29, 2100724984, 14749, 162942, yes, withdrawal rejected
164, 2017/10/29, 17:36:30, 0105189218, 17960, 521168, yes, deposit rejected
165, 2017/10/29, 17:36:31, 1854207091, 326, 319878, yes, withdrawal accepted
166, 2017/10/29, 17:36:32, 0216961667, 29442, 160888, yes, deposit rejected
167, 2017/10/29, 17:36:32, 0676032501, 14980, 501945, yes, deposit rejected
168, 2017/10/29, 17:36:33, 2031309539, 22121, 338629, yes, deposit rejected
169, 2017/10/29, 17:36:36, 1276889789, 25616, 439067, yes, withdrawal rejected
170, 2017/10/29, 17:36:36, 0672107389, 26937, 426529, yes, withdrawal rejected
171, 2017/10/29, 17:36:36, 0639011688, 23284, 400712, yes, deposit rejected
172, 2017/10/29, 17:36:36, 1146379609, 12650, 130187, yes, deposit rejected
173, 2017/10/29, 17:36:37, 1788988237, 13791, 249490, yes, deposit rejected
174, 2017/10/29, 17:36:37, 1415469737, 12632, 42576, no, N/A
175, 2017/10/29, 17:36:38, 0459955310, 26057, 625551, yes, withdrawal rejected
176, 2017/10/29, 17:36:39, 0579387241, 19953, 409979, yes, deposit rejected
177, 2017/10/29, 17:36:39, 1752475549, 24598, 41496, no, N/A
178, 2017/10/29, 17:36:39, 1547331463, 12408, 45048, no, N/A
179, 2017/10/29, 17:36:39, 1676727015, 24442, 52748, no, N/A
180, 2017/10/29, 17:36:39, 0912458575, 20269, 658459, yes, withdrawal accepted
181, 2017/10/29, 17:36:40, 0483639972, 2052, 21656, no, N/A
182, 2017/10/29, 17:36:40, 1329196699, 28048, 387583, yes, withdrawal rejected
183, 2017/10/29, 17:36:41, 0060340137, 1384, 309144, yes, deposit accepted
184, 2017/10/29, 17:36:41, 1730905781, 18590, 113747, yes, deposit rejected
185, 2017/10/29, 17:36:41, 0038876068, 10338, 153308, yes, withdrawal accepted
186, 2017/10/29, 17:36:43, 1618190186, 12953, 318616, yes, deposit rejected
187, 2017/10/29, 17:36:43, 1416722413, 1704, 294522, yes, deposit accepted
188, 2017/10/29, 17:36:45, 1276920563, 4730, 175017, yes, deposit rejected
189, 2017/10/29, 17:36:46, 0688239004, 10076, 18896, no, N/A
190, 2017/10/29, 17:36:46, 1016406230, 11243, 47363, yes, deposit rejected
191, 2017/10/29, 17:36:49, 0093715057, 4013, 20083, no, N/A
192, 2017/10/29, 17:36:49, 0577479590, 10812, 101246, yes, deposit accepted
193, 2017/10/29, 17:36:49, 0910795271, 110, 49468, yes, deposit accepted
194, 2017/10/29, 17:36:50, 0551084863, 4144, 205720, yes, deposit accepted
195, 2017/10/29, 17:36:52, 0830833994, 4202, 440610, yes, deposit accepted
196, 2017/10/29, 17:36:52, 1580059060, 10195, 30586, no, N/A
197, 2017/10/29, 17:36:54, 0579387241, 5957, 334154, yes, withdrawal rejected
198, 2017/10/29, 17:36:54, 0445385081, 260, 348702, yes, deposit accepted
199, 2017/10/29, 17:36:57, 1706783600, 24468, 311083, yes, withdrawal rejected
200, 2017/10/29, 17:36:57, 0812002649, 6126, 340359, yes, withdrawal accepted
201, 2017/10/29, 17:36:58, 1586289393, 6593, 277607, yes, deposit accepted
202, 2017/10/29, 17:36:59, 0818627933, 29849, 514006, yes, withdrawal rejected
203, 2017/10/29, 17:36:59, 1060339879, 21134, 146942, yes, deposit rejected
204, 2017/10/29, 17:37:00, 1586289393, 20947, 28197, no, N/A
205, 2017/10/29, 17:37:01, 0189997758, 13881, 614257, yes, deposit rejected
206, 2017/10/29, 17:37:02, 0272667830, 1710, 363557, yes, deposit accepted
207, 2017/10/29, 17:37:03, 1060339879, 2799, 21524, no, N/A
208, 2017/10/29, 17:37:04, 1798826212, 26488, 294213, yes, withdrawal rejected
209, 2017/10/29, 17:37:04, 0381885172, 28003, 41183, no, N/A
210, 2017/10/29, 17:37:07, 0481709019, 15301, 370518, yes, deposit rejected
211, 2017/10/29, 17:37:09, 1971664361, 24050, 593504, yes, deposit rejected
212, 2017/10/29, 17:37:11, 0084283712, 7231, 302493, yes, deposit rejected
213, 2017/10/29, 17:37:11, 1253323997, 3948, 508690, yes, withdrawal accepted
214, 2017/10/29, 17:37:11, 1807936612, 3351, 280232, yes, deposit accepted
215, 2017/10/29, 17:37:12, 1553715489, 28976, 133225, yes, withdrawal rejected
216, 2017/10/29, 17:37:12, 1060339879, 25238, 41485, no, N/A
217, 2017/10/29, 17:37:12, 0930158884, 12367, 409689, yes, withdrawal accepted
218, 2017/10/29, 17:37:14, 0016545133, 7684, 40939, no, N/A
219, 2017/10/29, 17:37:15, 1481542698, 24526, 459785, yes, withdrawal rejected
220, 2017/10/29, 17:37:15, 0930158884, 221, 400528, yes, deposit accepted
221, 2017/10/29, 17:37:16, 1837686826, 2528, 24715, no, N/A
222, 2017/10/29, 17:37:18, 0824216491, 12164, 143332, yes, deposit rejected
223, 2017/10/29, 17:37:18, 0272667830, 8307, 339, no, N/A
224, 2017/10/29, 17:37:19, 1534372268, 8392, 294040, yes, deposit accepted
225, 2017/10/29, 17:37:19, 0524172162, 7712, 352095, yes, deposit rejected
226, 2017/10/29, 17:37:19, 1593276900, 25265, 421081, yes, withdrawal rejected
227, 2017/10/29, 17:37:20, 1383457193, 15535, 404651, yes, withdrawal accepted
228, 2017/10/29, 17:37:20, 0925345829, 25808, 326042, yes, withdrawal rejected
229, 2017/10/29, 17:37:20, 0814862641, 5818, 47966, yes, withdrawal accepted
230, 2017/10/29, 17:37:21, 0142967037, 1843, 626737, yes, deposit accepted
231, 2017/10/29, 17:37:22, 0343466238, 10467, 34352, no, N/A
232, 2017/10/29, 17:37:22, 1231942602, 23518, 540741, yes, withdrawal rejected
233, 2017/10/29, 17:37:23, 1639930649, 24886, 608269, yes, withdrawal rejected
234, 2017/10/29, 17:37:25, 0639011688, 25101, 144578, yes, deposit rejected
235, 2017/10/29, 17:37:25, 0683914437, 22739, 69048, yes, withdrawal accepted
236, 2017/10/29, 17:37:26, 1869399324, 24997, 40139, yes, withdrawal rejected
237, 2017/10/29, 17:37:26, 1730905781, 7191, 403250, yes, deposit rejected
238, 2017/10/29, 17:37:26, 0814862641, 12467, 339732, yes, withdrawal accepted
239, 2017/10/29, 17:37:27, 0038279275, 1247, 637559, yes, withdrawal accepted
240, 2017/10/29, 17:37:28, 1463697851, 10540, 21012, no, N/A
241, 2017/10/29, 17:37:29, 1546973408, 630, 13408, yes, deposit accepted
242, 2017/10/29, 17:37:29, 1634949238, 16682, 315920, yes, deposit rejected
243, 2017/10/29, 17:37:30, 0141054409, 14512, 457659, yes, deposit rejected
244, 2017/10/29, 17:37:30, 0157386116, 25345, 702697, yes, withdrawal rejected
245, 2017/10/29, 17:37:32, 0627942095, 6360, 446575, yes, deposit rejected
246, 2017/10/29, 17:37:33, 1367919747, 8929, 50870, yes, withdrawal rejected
247, 2017/10/29, 17:37:34, 1523550181, 4879, 159231, yes, withdrawal accepted
248, 2017/10/29, 17:37:34, 1325498732, 20723, 145924, yes, deposit rejected
249, 2017/10/29, 17:37:34, 0710474532, 20748, 398419, yes, withdrawal rejected
250, 2017/10/29, 17:37:34, 1618745231, 29675, 241317, yes, withdrawal rejected
251, 2017/10/29, 17:37:35, 1189893589, 1063, 544737, yes, deposit accepted
252, 2017/10/29, 17:37:35, 1991063993, 20977, 575922, yes, withdrawal rejected
253, 2017/10/29, 17:37:36, 1092982324, 14882, 179867, yes, deposit rejected
254, 2017/10/29, 17:37:36, 0476714070, 17446, 248797, yes, withdrawal accepted
255, 2017/10/29, 17:37:37, 0500729287, 5398, 444195, yes, withdrawal accepted
256, 2017/10/29, 17:37:38, 0710474532, 29468, 19017, no, N/A
257, 2017/10/29, 17:37:38, 0440413641, 7572, 295843, no, N/A
258, 2017/10/29, 17:37:39, 1787256064, 25517, 41199, no, N/A
259, 2017/10/29, 17:37:39, 0358712831, 17840, 16323, no, N/A
260, 2017/10/29, 17:37:39, 0142967037, 21848, 283191, yes, withdrawal rejected
261, 2017/10/29, 17:37:40, 1694380451, 2912, 600387, yes, deposit accepted
262, 2017/10/29, 17:37:41, 1786317435, 6791, 225538, yes, deposit accepted
263, 2017/10/29, 17:37:42, 0112440636, 26739, 240690, yes, withdrawal rejected
264, 2017/10/29, 17:37:43, 1868549293, 12961, 338503, no, N/A
265, 2017/10/29, 17:37:46, 0925345829, 26112, 222405, yes, deposit rejected
266, 2017/10/29, 17:37:47, 1021225032, 23809, 88396, yes, withdrawal rejected
267, 2017/10/29, 17:37:47, 1826863152, 9438, 256769, yes, withdrawal accepted
268, 2017/10/29, 17:37:47, 1253323997, 3810, 360955, yes, deposit accepted
269, 2017/10/29, 17:37:47, 1104012402, 24742, 146937, yes, deposit rejected
270, 2017/10/29, 17:37:47, 2127574077, 9720, 402996, yes, deposit accepted
271, 2017/10/29, 17:37:47, 1166775767, 25885, 42199, no, N/A
272, 2017/10/29, 17:37:48, 0911280607, 9730, 527515, yes, deposit rejected
273, 2017/10/29, 17:37:49, 0912458575, 21863, 585842, yes, deposit rejected
274, 2017/10/29, 17:37:50, 2126995628, 3642, 616024, yes, deposit accepted
275, 2017/10/29, 17:37:50, 1552699391, 27033, 32028, no, N/A
276, 2017/10/29, 17:37:50, 1163977858, 4306, 4006, yes, withdrawal accepted
277, 2017/10/29, 17:37:50, 0804840293, 8007, 647800, yes, withdrawal accepted
278, 2017/10/29, 17:37:50, 0414285625, 8914, 10844, yes, deposit accepted
279, 2017/10/29, 17:37:50, 1635659700, 1209, 49541, no, N/A
280, 2017/10/29, 17:37:51, 1547331463, 29147, 584810, yes, withdrawal rejected
281, 2017/10/29, 17:37:52, 0852761488, 22003, 49241, yes, deposit rejected
282, 2017/10/29, 17:37:52, 1152667818, 29444, 458267, yes, deposit rejected
283, 2017/10/29, 17:37:53, 1462045139, 662, 551718, yes, deposit accepted
284, 2017/10/29, 17:37:55, 1155985574, 25604, 513972, yes, deposit rejected
285, 2017/10/29, 17:37:58, 1530582636, 15941, 76704, yes, deposit rejected
286, 2017/10/29, 17:37:58, 2051431214, 17264, 13087, yes, deposit rejected
287, 2017/10/29, 17:37:59, 0124775853, 22808, 126334, yes, withdrawal rejected
288, 2017/10/29, 17:37:59, 0028931740, 19341, 504638, yes, deposit rejected
289, 2017/10/29, 17:37:59, 0314843816, 27672, 98807, yes, deposit rejected
290, 2017/10/29, 17:38:00, 0948501677, 504, 43612, no, N/A
291, 2017/10/29, 17:38:01, 0676872159, 1977, 51526, yes, withdrawal accepted
292, 2017/10/29, 17:38:02, 1693385382, 14322, 19874, no, N/A
293, 2017/10/29, 17:38:02, 0560160406, 22796, 27440, yes, withdrawal rejected
294, 2017/10/29, 17:38:02, 1234855415, 14610, 428407, yes, deposit rejected
295, 2017/10/29, 17:38:03, 1550926003, 28460, 264304, yes, deposit rejected
296, 2017/10/29, 17:38:03, 1283091933, 23583, 131319, yes, deposit rejected
297, 2017/10/29, 17:38:03, 1956473475, 7604, 408974, yes, deposit rejected
298, 2017/10/29, 17:38:03, 0445385081, 14764, 845158, yes, deposit rejected
299, 2017/10/29, 17:38:06, 1021225032, 7709, 148174, yes, withdrawal accepted
300, 2017/10/29, 17:38:06, 1726939957, 26942, 197755, yes, deposit rejected
301, 2017/10/29, 17:38:06, 1271322811, 2139, 38274, yes, withdrawal accepted
302, 2017/10/29, 17:38:07, 0105189218, 18531, 13914, no, N/A
303, 2017/10/29, 17:38:08, 0498017544, 28809, 401501, yes, withdrawal rejected
304, 2017/10/29, 17:38:09, 1984725446, 19901, 103196, yes, deposit rejected
305, 2017/10/29, 17:38:09, 1936187470, 26415, 25149, no, N/A
306, 2017/10/29, 17:38:11, 1016934657, 3162, 19338, no, N/A
307, 2017/10/29, 17:38:12, 0244779855, 9719, 413493, yes, withdrawal accepted
308, 2017/10/29, 17:38:14, 0141054409, 10546, 517759, yes, withdrawal rejected
309, 2017/10/29, 17:38:14, 0818627933, 25781, 282934, yes, deposit rejected
310, 2017/10/29, 17:38:15, 0142967037, 18639, 50835, no, N/A
311, 2017/10/29, 17:38:16, 0627942095, 6743, 700586, yes, deposit rejected
312, 2017/10/29, 17:38:17, 1164018633, 8118, 661999, yes, withdrawal rejected
313, 2017/10/29, 17:38:19, 0202113123, 15312, 343873, yes, deposit accepted
314, 2017/10/29, 17:38:19, 0767259868, 7575, 22444, yes, withdrawal accepted
315, 2017/10/29, 17:38:20, 1191988397, 11013, 1960, yes, deposit accepted
316, 2017/10/29, 17:38:20, 0573978080, 1414, 236081, yes, deposit accepted
317, 2017/10/29, 17:38:21, 0912458575, 6504, 256987, yes, deposit rejected
318, 2017/10/29, 17:38:22, 1560962555, 17779, 237782, yes, withdrawal accepted
319, 2017/10/29, 17:38:22, 1419313076, 3036, 79720, yes, withdrawal accepted
320, 2017/10/29, 17:38:23, 1231033772, 9500, 370136, yes, deposit rejected
321, 2017/10/29, 17:38:24, 1906937456, 13787, 387981, yes, withdrawal rejected
322, 2017/10/29, 17:38:25, 0392085068, 8037, 422790, yes, withdrawal accepted
323, 2017/10/29, 17:38:27, 0714719014, 19235, 57362, yes, withdrawal accepted
324, 2017/10/29, 17:38:28, 1884391316, 21541, 451607, yes, deposit rejected
325, 2017/10/29, 17:38:29, 1548788772, 29295, 30435, no, N/A
326, 2017/10/29, 17:38:29, 0409278760, 15976, 38965, no, N/A
327, 2017/10/29, 17:38:29, 1306515666, 286, 58550, no, N/A
328, 2017/10/29, 17:38:30, 1374968680, 28426, 458955, yes, withdrawal rejected
329, 2017/10/29, 17:38:31, 1506018414, 26954, 198066, yes, deposit rejected
330, 2017/10/29, 17:38:31, 2043180179, 29267, 287236, yes, withdrawal rejected
331, 2017/10/29, 17:38:31, 0466413418, 18771, 491744, yes, deposit rejected
332, 2017/10/29, 17:38:31, 1972626013, 6083, 254757, yes, deposit accepted
333, 2017/10/29, 17:38:32, 1702088243, 3792, 596701, yes, deposit accepted
334, 2017/10/29, 17:38:34, 0105189218, 26978, 245167, yes, withdrawal rejected
335, 2017/10/29, 17:38:36, 1276889789, 8122, 38190, no, N/A
336, 2017/10/29, 17:38:36, 1735548611, 6745, 33941, no, N/A
337, 2017/10/29, 17:38:36, 1083453713, 1870, 52433, yes, deposit accepted
338, 2017/10/29, 17:38:36, 0254257271, 3443, 695848, yes, deposit accepted
339, 2017/10/29, 17:38:36, 0224531376, 796, 436435, yes, withdrawal accepted
340, 2017/10/29, 17:38:37, 1655250511, 11297, 149357, yes, withdrawal rejected
341, 2017/10/29, 17:38:37, 1762890561, 17061, 13245, no, N/A
342, 2017/10/29, 17:38:37, 1462045139, 14446, 633152, yes, withdrawal rejected
343, 2017/10/29, 17:38:39, 1736654785, 19627, 374628, yes, withdrawal rejected
344, 2017/10/29, 17:38:39, 0093086125, 15901, 56838, yes, deposit rejected
345, 2017/10/29, 17:38:40, 2016331327, 14659, 240058, yes, withdrawal accepted
346, 2017/10/29, 17:38:40, 0157386116, 22056, 411283, yes, withdrawal rejected
347, 2017/10/29, 17:38:42, 0504269268, 8270, 34131, no, N/A
348, 2017/10/29, 17:38:43, 0688239004, 28660, 430802, yes, deposit rejected
349, 2017/10/29, 17:38:44, 0710474532, 1515, 267181, yes, withdrawal accepted
350, 2017/10/29, 17:38:44, 0611274427, 18121, 60511, yes, deposit rejected
351, 2017/10/29, 17:38:45, 0710836405, 12539, 126071, yes, withdrawal accepted
352, 2017/10/29, 17:38:46, 1560962555, 18457, 253583, yes, withdrawal accepted
353, 2017/10/29, 17:38:46, 0734981938, 6515, 661729, yes, withdrawal accepted
354, 2017/10/29, 17:38:46, 1830322945, 999, 54184, yes, withdrawal accepted
355, 2017/10/29, 17:38:48, 1066637573, 17657, 6861, yes, withdrawal rejected
356, 2017/10/29, 17:38:48, 0386034853, 17369, 189943, yes, withdrawal accepted
357, 2017/10/29, 17:38:50, 1150489098, 28433, 664773, yes, deposit rejected
358, 2017/10/29, 17:38:52, 0423565456, 14287, 602814, yes, withdrawal accepted
359, 2017/10/29, 17:38:52, 2134693694, 9328, 29287, no, N/A
360, 2017/10/29, 17:38:52, 0492213284, 784, 457267, yes, deposit accepted
361, 2017/10/29, 17:38:53, 0056383336, 12939, 140407, yes, withdrawal accepted
362, 2017/10/29, 17:38:55, 2126995628, 6873, 314901, yes, deposit accepted
363, 2017/10/29, 17:38:55, 0322639755, 6765, 505404, yes, withdrawal rejected
364, 2017/10/29, 17:38:57, 0801355073, 10981, 310274, yes, deposit rejected
365, 2017/10/29, 17:38:57, 1181283123, 3861, 348567, yes, deposit accepted
366, 2017/10/29, 17:38:58, 2108159544, 14297, 432544, yes, withdrawal rejected
367, 2017/10/29, 17:38:58, 0556285881, 16652, 137784, yes, deposit rejected
368, 2017/10/29, 17:39:00, 1837686826, 9206, 491525, yes, withdrawal accepted
369, 2017/10/29, 17:39:02, 1462045139, 17378, 275598, yes, withdrawal rejected
370, 2017/10/29, 17:39:05, 1854207091, 11691, 748525, yes, deposit rejected
371, 2017/10/29, 17:39:06, 1638771930, 19330, 11552, no, N/A
372, 2017/10/29, 17:39:06, 1063825177, 5603, 78241, yes, deposit accepted
373, 2017/10/29, 17:39:06, 0382599417, 18431, 38424, no, N/A
374, 2017/10/29, 17:39:07, 1211135449, 14999, 248953, yes, withdrawal rejected
375, 2017/10/29, 17:39:08, 0210723684, 17985, 130762, yes, withdrawal accepted
376, 2017/10/29, 17:39:09, 0279678256, 26653, 51984, no, N/A
377, 2017/10/29, 17:39:09, 1016406230, 15960, 871679, yes, deposit rejected
378, 2017/10/29, 17:39:12, 1096097261, 5181, 17169, no, N/A
379, 2017/10/29, 17:39:12, 1830322945, 18075, 592325, yes, withdrawal accepted
380, 2017/10/29, 17:39:14, 1588594122, 20780, 17128, no, N/A
381, 2017/10/29, 17:39:15, 0703286215, 2009, 57399, no, N/A
382, 2017/10/29, 17:39:15, 1079051038, 14225, 384, no, N/A
383, 2017/10/29, 17:39:15, 1155985574, 5233, 700329, yes, deposit accepted
384, 2017/10/29, 17:39:18, 0829479580, 8070, 394426, yes, deposit accepted
385, 2017/10/29, 17:39:18, 0814862641, 25008, 46474, no, N/A
386, 2017/10/29, 17:39:19, 0410833771, 16768, 91382, yes, withdrawal accepted
387, 2017/10/29, 17:39:19, 0705674816, 2630, 118262, yes, deposit accepted
388, 2017/10/29, 17:39:19, 1518844508, 7985, 26204, yes, withdrawal accepted
389, 2017/10/29, 17:39:19, 0349219220, 22878, 528026, yes, withdrawal rejected
390, 2017/10/29, 17:39:19, 0065166887, 28264, 330160, yes, deposit rejected
391, 2017/10/29, 17:39:20, 1125748211, 20967, 5584, no, N/A
392, 2017/10/29, 17:39:20, 0038876068, 5642, 268251, yes, deposit accepted
393, 2017/10/29, 17:39:22, 1785502556, 19774, 464843, yes, deposit rejected
394, 2017/10/29, 17:39:23, 1655991282, 29670, 13165, no, N/A
395, 2017/10/29, 17:39:24, 0202113123, 16085, 35417, no, N/A
396, 2017/10/29, 17:39:24, 1009770270, 27263, 38466, no, N/A
397, 2017/10/29, 17:39:24, 1496662178, 27532, 588166, yes, deposit rejected
398, 2017/10/29, 17:39:25, 2127574077, 8524, 230600, yes, deposit accepted
399, 2017/10/29, 17:39:25, 0314242567, 49, 392263, yes, withdrawal accepted
400, 2017/10/29, 17:39:27, 0750323145, 3467, 112664, yes, withdrawal rejected
401, 2017/10/29, 17:39:29, 0925345829, 12294, 434585, yes, deposit accepted
402, 2017/10/29, 17:39:29, 1920056874, 16691, 373777, yes, deposit accepted
403, 2017/10/29, 17:39:30, 1423746387, 10733, 39398, yes, deposit rejected
404, 2017/10/29, 17:39:30, 0947767708, 15230, 681880, yes, deposit rejected
405, 2017/10/29, 17:39:31, 0705674816, 6988, 262363, yes, withdrawal rejected
406, 2017/10/29, 17:39:31, 1580085475, 25679, 354801, yes, withdrawal rejected
407, 2017/10/29, 17:39:31, 1067164796, 19838, 256149, yes, withdrawal accepted
408, 2017/10/29, 17:39:33, 1191988397, 7883, 3857, no, N/A
409, 2017/10/29, 17:39:33, 1298104955, 22121, 56689, no, N/A
410, 2017/10/29, 17:39:33, 0578905752, 25252, 4513, yes, deposit rejected
411, 2017/10/29, 17:39:33, 1429323663, 29928, 424709, yes, withdrawal rejected
412, 2017/10/29, 17:39:34, 1104012402, 1452, 598499, yes, deposit accepted
413, 2017/10/29, 17:39:35, 0962149670, 21627, 134449, yes, withdrawal accepted
414, 2017/10/29, 17:39:35, 0466413418, 19879, 7420, no, N/A
415, 2017/10/29, 17:39:35, 1421619503, 22998, 783949, yes, withdrawal rejected
416, 2017/10/29, 17:39:37, 0349219220, 3289, 57482, no, N/A
417, 2017/10/29, 17:39:37, 1736654785, 23698, 206713, yes, withdrawal rejected
418, 2017/10/29, 17:39:37, 0498017544, 2181, 491050, yes, deposit accepted
419, 2017/10/29, 17:39:38, 0528875308, 1932, 659351, yes, deposit accepted
420, 2017/10/29, 17:39:41, 2031309539, 14217, 114821, yes, withdrawal accepted
421, 2017/10/29, 17:39:43, 1586289393, 2779, 343260, yes, withdrawal accepted
422, 2017/10/29, 17:39:44, 0038876068, 6434, 5623, yes, deposit accepted
423, 2017/10/29, 17:39:45, 1647686880, 25614, 402363, yes, deposit rejected
424, 2017/10/29, 17:39:46, 0611274427, 3196, 689, no, N/A
425, 2017/10/29, 17:39:46, 1191988397, 2397, 35189, no, N/A
426, 2017/10/29, 17:39:46, 1888143972, 7967, 208054, yes, withdrawal accepted
427, 2017/10/29, 17:39:46, 1035646226, 15184, 19866, no, N/A
428, 2017/10/29, 17:39:46, 0524643495, 1971, 274867, yes, deposit accepted
429, 2017/10/29, 17:39:47, 2126995628, 4005, 51, no, N/A
430, 2017/10/29, 17:39:47, 1174582257, 5914, 137644, yes, deposit accepted
431, 2017/10/29, 17:39:48, 1624342755, 5656, 354766, yes, withdrawal accepted
432, 2017/10/29, 17:39:49, 1171654299, 16519, 600742, yes, withdrawal accepted
433, 2017/10/29, 17:39:50, 0314242567, 9761, 396587, yes, deposit rejected
434, 2017/10/29, 17:39:52, 0224531376, 4295, 321967, yes, withdrawal accepted
435, 2017/10/29, 17:39:53, 1198554106, 28480, 582068, yes, deposit rejected
436, 2017/10/29, 17:39:53, 1351047330, 28913, 505274, yes, deposit rejected
437, 2017/10/29, 17:39:53, 1243912295, 222, 98, no, N/A
438, 2017/10/29, 17:39:53, 1655991282, 433, 59714, no, N/A
439, 2017/10/29, 17:39:54, 0455606495, 19852, 110485, yes, deposit rejected
440, 2017/10/29, 17:39:55, 1635659700, 4558, 282808, yes, withdrawal accepted
441, 2017/10/29, 17:39:56, 1424878594, 28315, 188703, yes, withdrawal rejected
442, 2017/10/29, 17:39:56, 2012018634, 19072, 534046, yes, deposit rejected
443, 2017/10/29, 17:39:56, 1146379609, 14192, 157837, yes, deposit rejected
444, 2017/10/29, 17:39:56, 0358712831, 1890, 1815, no, N/A
445, 2017/10/29, 17:39:56, 1547331463, 12115, 50165, no, N/A
446, 2017/10/29, 17:39:57, 1538281631, 16334, 472613, yes, deposit rejected
447, 2017/10/29, 17:39:59, 0795771305, 9652, 459345, yes, deposit accepted
448, 2017/10/29, 17:40:00, 1383457193, 7083, 264129, yes, deposit accepted
449, 2017/10/29, 17:40:00, 1040713255, 26255, 186750, yes, withdrawal rejected
450, 2017/10/29, 17:40:01, 1807936612, 23774, 424822, yes, deposit rejected
451, 2017/10/29, 17:40:01, 1767648384, 21727, 404030, yes, withdrawal accepted
452, 2017/10/29, 17:40:02, 0622732730, 829, 222695, yes, withdrawal accepted
453, 2017/10/29, 17:40:03, 1083453713, 12819, 395176, yes, withdrawal rejected
454, 2017/10/29, 17:40:03, 0162901970, 6002, 13021, no, N/A
455, 2017/10/29, 17:40:04, 0983878950, 10948, 233778, yes, withdrawal rejected
456, 2017/10/29, 17:40:04, 1888143972, 29642, 57118, no, N/A
457, 2017/10/29, 17:40:04, 0314843816, 1165, 39731, yes, withdrawal accepted
458, 2017/10/29, 17:40:05, 1458817946, 8421, 186901, yes, deposit accepted
459, 2017/10/29, 17:40:05, 0597553713, 19294, 33279, no, N/A
460, 2017/10/29, 17:40:06, 0410833771, 23219, 178547, yes, withdrawal rejected
461, 2017/10/29, 17:40:06, 1730905781, 21057, 278128, yes, withdrawal rejected
462, 2017/10/29, 17:40:06, 1530582636, 4603, 184879, yes, deposit rejected
463, 2017/10/29, 17:40:07, 0847550036, 12003, 92350, yes, deposit rejected
464, 2017/10/29, 17:40:08, 0216961667, 28581, 54239, yes, deposit rejected
465, 2017/10/29, 17:40:08, 0083125077, 29137, 316259, yes, withdrawal rejected
466, 2017/10/29, 17:40:09, 2084922967, 1093, 389082, yes, deposit accepted
467, 2017/10/29, 17:40:10, 1351432146, 7136, 771932, yes, withdrawal accepted
468, 2017/10/29, 17:40:11, 0216961667, 545, 867, yes, withdrawal accepted
469, 2017/10/29, 17:40:11, 0290731392, 4020, 5648, yes, deposit rejected
470, 2017/10/29, 17:40:12, 0358712831, 23302, 587704, yes, deposit rejected
471, 2017/10/29, 17:40:12, 0705674816, 25144, 31822, yes, deposit rejected
472, 2017/10/29, 17:40:12, 2134693694, 18515, 322408, yes, withdrawal rejected
473, 2017/10/29, 17:40:12, 1936187470, 11667, 16237, no, N/A
474, 2017/10/29, 17:40:14, 1574034188, 16608, 86759, yes, withdrawal accepted
475, 2017/10/29, 17:40:15, 1997128358, 19133, 5573, no, N/A
476, 2017/10/29, 17:40:15, 1898409101, 28900, 128844, yes, deposit rejected
477, 2017/10/29, 17:40:15, 0852761488, 20423, 326, yes, deposit rejected
478, 2017/10/29, 17:40:15, 0689391110, 1064, 177408, yes, deposit accepted
479, 2017/10/29, 17:40:16, 0528875308, 21835, 216768, yes, withdrawal rejected
480, 2017/10/29, 17:40:17, 1252038776, 26576, 191161, yes, withdrawal rejected
481, 2017/10/29, 17:40:18, 0089913883, 8784, 646965, yes, deposit accepted
482, 2017/10/29, 17:40:19, 0649542885, 9744, 89598, yes, deposit accepted
483, 2017/10/29, 17:40:19, 1929777817, 22457, 327411, yes, withdrawal rejected
484, 2017/10/29, 17:40:20, 1647686880, 18883, 406761, yes, deposit accepted
485, 2017/10/29, 17:40:20, 0836986231, 25595, 432818, yes, withdrawal rejected
486, 2017/10/29, 17:40:21, 1547331463, 6280, 30622, yes, deposit accepted
487, 2017/10/29, 17:40:22, 0505678464, 13589, 3798, no, N/A
488, 2017/10/29, 17:40:22, 1178623783, 4020, 304847, yes, deposit rejected
489, 2017/10/29, 17:40:22, 1715163912, 26300, 34013, yes, deposit rejected
490, 2017/10/29, 17:40:22, 1392164945, 23484, 16772, no, N/A
491, 2017/10/29, 17:40:22, 1335680141, 29544, 6619, no, N/A
492, 2017/10/29, 17:40:23, 0060340137, 15356, 351599, yes, withdrawal rejected
493, 2017/10/29, 17:40:24, 1481892975, 16847, 259224, yes, withdrawal rejected
494, 2017/10/29, 17:40:24, 0948501677, 18693, 188372, yes, deposit rejected
495, 2017/10/29, 17:40:24, 1449846476, 13213, 20190, yes, deposit rejected
496, 2017/10/29, 17:40:26, 0298469077, 16744, 2903, no, N/A
497, 2017/10/29, 17:40:27, 1367379153, 8983, 408762, yes, deposit accepted
498, 2017/10/29, 17:40:28, 0901124098, 17422, 127307, yes, deposit rejected
499, 2017/10/29, 17:40:29, 1655250511, 20032, 27586, yes, deposit rejected
500, 2017/10/29, 17:40:29, 0290731392, 25231, 260791, yes, deposit rejected
501, 2017/10/29, 17:40:30, 0960939293, 28236, 115346, yes, withdrawal accepted
502, 2017/10/29, 17:40:30, 0224531376, 25103, 477597, yes, deposit rejected
503, 2017/10/29, 17:40:30, 0920152344, 4536, 537603, yes, withdrawal accepted
504, 2017/10/29, 17:40:32, 0824216491, 17484, 187533, yes, deposit rejected
505, 2017/10/29, 17:40:32, 1276920563, 14981, 530545, yes, deposit rejected
506, 2017/10/29, 17:40:33, 0499612512, 17066, 103481, yes, withdrawal accepted
507, 2017/10/29, 17:40:34, 1449443132, 9571, 49267, yes, deposit rejected
508, 2017/10/29, 17:40:34, 1181283123, 8843, 218036, yes, deposit rejected
509, 2017/10/29, 17:40:35, 0740800946, 19443, 77504, yes, deposit rejected
510, 2017/10/29, 17:40:35, 1237876635, 29568, 255087, yes, withdrawal rejected
511, 2017/10/29, 17:40:36, 1580926554, 409, 392053, yes, withdrawal accepted
512, 2017/10/29, 17:40:39, 1700919921, 10395, 57595, no, N/A
513, 2017/10/29, 17:40:39, 1190023281, 6094, 8147, no, N/A
514, 2017/10/29, 17:40:40, 0412115295, 22943, 456607, yes, deposit rejected
515, 2017/10/29, 17:40:40, 0735096612, 26334, 58975, no, N/A
516, 2017/10/29, 17:40:40, 1532291445, 12069, 27202, no, N/A
517, 2017/10/29, 17:40:41, 1566638531, 11134, 377610, yes, deposit rejected
518, 2017/10/29, 17:40:42, 0492213284, 13311, 359499, yes, deposit rejected
519, 2017/10/29, 17:40:42, 1852262031, 2228, 1709, no, N/A
520, 2017/10/29, 17:40:43, 1066637573, 24826, 143655, yes, withdrawal rejected
521, 2017/10/29, 17:40:44, 1150489098, 14572, 55989, no, N/A
522, 2017/10/29, 17:40:46, 2134693694, 16309, 443214, yes, withdrawal rejected
523, 2017/10/29, 17:40:46, 1430609052, 7285, 17008, yes, withdrawal rejected
524, 2017/10/29, 17:40:46, 0120311716, 12058, 256965, yes, withdrawal accepted
525, 2017/10/29, 17:40:47, 0386034853, 18307, 417108, yes, withdrawal accepted
526, 2017/10/29, 17:40:48, 1461785611, 1676, 434271, yes, withdrawal accepted
527, 2017/10/29, 17:40:49, 1823139078, 27091, 444782, yes, deposit rejected
528, 2017/10/29, 17:40:50, 1944370698, 13088, 133590, yes, withdrawal accepted
529, 2017/10/29, 17:40:50, 1152667818, 11784, 401926, yes, deposit rejected
530, 2017/10/29, 17:40:50, 0277700585, 22406, 493043, yes, withdrawal accepted
531, 2017/10/29, 17:40:53, 0483639972, 14650, 330148, yes, deposit rejected
532, 2017/10/29, 17:40:54, 0431578237, 28300, 51157, no, N/A
533, 2017/10/29, 17:40:54, 0481709019, 20759, 565966, yes, withdrawal rejected
534, 2017/10/29, 17:40:57, 1269215166, 3188, 367512, yes, withdrawal accepted
535, 2017/10/29, 17:40:59, 1953760525, 3894, 45415, no, N/A
536, 2017/10/29, 17:41:00, 1171654299, 4609, 39836, no, N/A
537, 2017/10/29, 17:41:01, 1354562656, 14627, 1659, no, N/A
538, 2017/10/29, 17:41:01, 0038279275, 3483, 435287, yes, deposit accepted
539, 2017/10/29, 17:41:02, 0676872159, 10736, 351081, yes, withdrawal accepted
540, 2017/10/29, 17:41:04, 1367379153, 21310, 29420, no, N/A
541, 2017/10/29, 17:41:05, 1595243918, 2141, 177639, yes, deposit accepted
542, 2017/10/29, 17:41:05, 0216961667, 21917, 182775, yes, withdrawal rejected
543, 2017/10/29, 17:41:05, 1929777817, 9523, 102594, yes, deposit rejected
544, 2017/10/29, 17:41:05, 1527215775, 1280, 643816, yes, deposit accepted
545, 2017/10/29, 17:41:05, 0112848847, 13341, 128252, yes, deposit rejected
546, 2017/10/29, 17:41:06, 1726939957, 25390, 514161, yes, deposit rejected
547, 2017/10/29, 17:41:06, 1392347878, 16276, 629563, yes, withdrawal accepted
548, 2017/10/29, 17:41:06, 0440413641, 16083, 232466, no, N/A
549, 2017/10/29, 17:41:06, 0261531596, 28170, 31449, yes, deposit rejected
550, 2017/10/29, 17:41:07, 1492162414, 11685, 238773, yes, withdrawal accepted
551, 2017/10/29, 17:41:07, 0349219220, 2021, 765239, yes, deposit accepted
552, 2017/10/29, 17:41:07, 1481542698, 29149, 424359, yes, withdrawal rejected
553, 2017/10/29, 17:41:07, 1389216598, 7307, 308858, yes, withdrawal rejected
554, 2017/10/29, 17:41:07, 0120311716, 650, 45825, no, N/A
555, 2017/10/29, 17:41:08, 0335378255, 10723, 42374, yes, deposit accepted
556, 2017/10/29, 17:41:08, 1419313076, 1446, 25015, no, N/A
557, 2017/10/29, 17:41:09, 1751239408, 378, 728285, yes, withdrawal accepted
558, 2017/10/29, 17:41:11, 1534372268, 29729, 378834, yes, withdrawal rejected
559, 2017/10/29, 17:41:11, 0120311716, 3055, 319240, yes, withdrawal accepted
560, 2017/10/29, 17:41:12, 0971457991, 20051, 56439, no, N/A
561, 2017/10/29, 17:41:12, 1936187470, 501, 377038, yes, deposit accepted
562, 2017/10/29, 17:41:14, 1828302316, 21337, 360993, yes, withdrawal accepted
563, 2017/10/29, 17:41:14, 1588594122, 462, 36984, yes, deposit accepted
564, 2017/10/29, 17:41:15, 0467858875, 27049, 30858, no, N/A
565, 2017/10/29, 17:41:15, 1627776168, 23266, 248995, yes, withdrawal accepted
566, 2017/10/29, 17:41:15, 0142967037, 399, 1469, no, N/A
567, 2017/10/29, 17:41:16, 0656536446, 15030, 94924, yes, deposit rejected
568, 2017/10/29, 17:41:16, 2014240269, 20807, 91743, yes, withdrawal rejected
569, 2017/10/29, 17:41:16, 1354562656, 29829, 242971, yes, withdrawal rejected
570, 2017/10/29, 17:41:16, 0676872159, 10624, 244849, yes, deposit accepted
571, 2017/10/29, 17:41:18, 1898409101, 10326, 487786, yes, withdrawal accepted
572, 2017/10/29, 17:41:19, 0459955310, 28147, 712616, yes, withdrawal rejected
573, 2017/10/29, 17:41:19, 0688239004, 23390, 39589, no, N/A
574, 2017/10/29, 17:41:19, 1929777817, 22177, 326031, yes, withdrawal rejected
575, 2017/10/29, 17:41:20, 1575197770, 1076, 517114, yes, withdrawal accepted
576, 2017/10/29, 17:41:20, 0670684067, 15691, 30915, no, N/A
577, 2017/10/29, 17:41:20, 0476714070, 536, 3408, yes, withdrawal accepted
578, 2017/10/29, 17:41:20, 0060340137, 13064, 84965, yes, deposit rejected
579, 2017/10/29, 17:41:21, 1271322811, 2799, 132933, yes, withdrawal accepted
580, 2017/10/29, 17:41:22, 1392164945, 22836, 284190, yes, withdrawal rejected
581, 2017/10/29, 17:41:22, 1405342271, 19250, 54453, yes, deposit rejected
582, 2017/10/29, 17:41:23, 1655991282, 6913, 106521, yes, deposit rejected
583, 2017/10/29, 17:41:23, 1972626013, 20920, 351744, yes, deposit rejected
584, 2017/10/29, 17:41:24, 0911280607, 14900, 283192, yes, deposit rejected
585, 2017/10/29, 17:41:24, 0573978080, 11737, 44367, no, N/A
586, 2017/10/29, 17:41:25, 0414285625, 1724, 199182, yes, deposit accepted
587, 2017/10/29, 17:41:25, 0272667830, 26952, 295627, yes, deposit rejected
588, 2017/10/29, 17:41:26, 1306515666, 11634, 731397, yes, deposit accepted
589, 2017/10/29, 17:41:26, 0445385081, 16713, 517956, yes, deposit rejected
590, 2017/10/29, 17:41:28, 0441905718, 2343, 236761, yes, deposit accepted
591, 2017/10/29, 17:41:29, 1884391316, 7339, 316531, yes, withdrawal accepted
592, 2017/10/29, 17:41:30, 1383457193, 18140, 129196, yes, deposit rejected
593, 2017/10/29, 17:41:30, 1092609835, 7876, 188566, yes, withdrawal rejected
594, 2017/10/29, 17:41:31, 0412115295, 5025, 225478, yes, withdrawal rejected
595, 2017/10/29, 17:41:31, 1035646226, 8165, 43504, no, N/A
596, 2017/10/29, 17:41:31, 1009770270, 25504, 418664, yes, deposit rejected
597, 2017/10/29, 17:41:32, 1638771930, 16048, 329097, yes, withdrawal accepted
598, 2017/10/29, 17:41:33, 2108159544, 1412, 52683, yes, deposit accepted
599, 2017/10/29, 17:41:33, 0445385081, 16186, 457109, yes, withdrawal rejected
600, 2017/10/29, 17:41:36, 0808325078, 21505, 216752, yes, withdrawal accepted
601, 2017/10/29, 17:41:36, 0492213284, 27451, 72551, yes, deposit rejected
602, 2017/10/29, 17:41:36, 1351047330, 309, 109468, yes, withdrawal accepted
603, 2017/10/29, 17:41:36, 0023069721, 29707, 16046, yes, withdrawal rejected
604, 2017/10/29, 17:41:37, 1211135449, 24990, 24354, yes, deposit rejected
605, 2017/10/29, 17:41:37, 1125748211, 22742, 346431, yes, deposit rejected
606, 2017/10/29, 17:41:37, 0695073553, 17573, 444356, yes, deposit rejected
607, 2017/10/29, 17:41:38, 0298469077, 10884, 277939, yes, deposit rejected
608, 2017/10/29, 17:41:38, 0257416427, 15216, 633712, yes, withdrawal rejected
609, 2017/10/29, 17:41:38, 0577479590, 28991, 401624, yes, deposit rejected
610, 2017/10/29, 17:41:39, 1040713255, 9327, 421891, yes, withdrawal accepted
611, 2017/10/29, 17:41:39, 0272667830, 5369, 260224, yes, withdrawal accepted
612, 2017/10/29, 17:41:40, 0639011688, 17863, 11437, no, N/A
613, 2017/10/29, 17:41:40, 0409278760, 13379, 286519, yes, withdrawal accepted
614, 2017/10/29, 17:41:41, 2114657959, 9018, 335608, yes, withdrawal rejected
615, 2017/10/29, 17:41:41, 0767259868, 3605, 319879, yes, withdrawal accepted
616, 2017/10/29, 17:41:42, 1700919921, 16054, 38779, no, N/A
617, 2017/10/29, 17:41:42, 0481709019, 5402, 668495, yes, deposit accepted
618, 2017/10/29, 17:41:45, 0528875308, 21154, 570582, yes, deposit rejected
619, 2017/10/29, 17:41:48, 0381885172, 5605, 28091, no, N/A
620, 2017/10/29, 17:41:50, 1869399324, 12769, 101185, yes, withdrawal rejected
621, 2017/10/29, 17:41:50, 1066637573, 10410, 365211, yes, deposit rejected
622, 2017/10/29, 17:41:51, 1035646226, 15403, 419, yes, deposit accepted
623, 2017/10/29, 17:41:52, 1538281631, 22242, 58928, no, N/A
624, 2017/10/29, 17:41:53, 0382599417, 27633, 258035, yes, deposit rejected
625, 2017/10/29, 17:41:55, 0381885172, 28245, 442695, yes, withdrawal rejected
626, 2017/10/29, 17:41:59, 0349811161, 5611, 85246, yes, deposit accepted
627, 2017/10/29, 17:41:59, 1298104955, 23928, 62785, yes, withdrawal accepted
628, 2017/10/29, 17:41:59, 1547331463, 13449, 220550, yes, withdrawal rejected
629, 2017/10/29, 17:42:00, 0830833994, 12383, 17932, no, N/A
630, 2017/10/29, 17:42:00, 2134693694, 2393, 6888, no, N/A
631, 2017/10/29, 17:42:00, 0314242567, 26078, 724002, yes, withdrawal rejected
632, 2017/10/29, 17:42:03, 1618190186, 26249, 53862, no, N/A
633, 2017/10/29, 17:42:03, 1178623783, 655, 54636, no, N/A
634, 2017/10/29, 17:42:03, 1820729040, 4706, 55480, no, N/A
635, 2017/10/29, 17:42:04, 0073334997, 12328, 278566, yes, withdrawal rejected
636, 2017/10/29, 17:42:04, 0677179482, 2861, 112246, yes, deposit accepted
637, 2017/10/29, 17:42:05, 0476714070, 22261, 375237, yes, deposit rejected
638, 2017/10/29, 17:42:06, 0064638827, 24386, 10362, no, N/A
639, 2017/10/29, 17:42:06, 1826863152, 8487, 40306, yes, withdrawal accepted
640, 2017/10/29, 17:42:07, 1524339715, 16885, 228461, yes, withdrawal rejected
641, 2017/10/29, 17:42:07, 1811362910, 4313, 39384, yes, deposit accepted
642, 2017/10/29, 17:42:07, 1354562656, 7988, 284274, yes, withdrawal accepted
643, 2017/10/29, 17:42:07, 0948501677, 29825, 231677, yes, withdrawal rejected
644, 2017/10/29, 17:42:08, 0930158884, 26223, 270988, yes, deposit rejected
645, 2017/10/29, 17:42:10, 0343466238, 29431, 440728, yes, deposit rejected
646, 2017/10/29, 17:42:11, 1496662178, 1125, 352326, yes, withdrawal accepted
647, 2017/10/29, 17:42:11, 1253323997, 16440, 40801, yes, deposit rejected
648, 2017/10/29, 17:42:12, 0386034853, 26055, 641818, yes, withdrawal accepted
649, 2017/10/29, 17:42:13, 0528875308, 7710, 438747, yes, deposit accepted
650, 2017/10/29, 17:42:15, 0925345829, 23504, 239463, yes, deposit rejected
651, 2017/10/29, 17:42:16, 0740800946, 12363, 63748, yes, deposit rejected
652, 2017/10/29, 17:42:16, 1718944972, 26740, 762959, yes, deposit rejected
653, 2017/10/29, 17:42:17, 1448311461, 25782, 327967, yes, deposit rejected
654, 2017/10/29, 17:42:18, 1067164796, 18820, 545841, yes, deposit rejected
655, 2017/10/29, 17:42:19, 1146379609, 29458, 364894, yes, withdrawal rejected
656, 2017/10/29, 17:42:20, 1092982324, 29093, 380817, yes, deposit rejected
657, 2017/10/29, 17:42:20, 0812002649, 14953, 51417, no, N/A
658, 2017/10/29, 17:42:21, 1271322811, 24001, 144035, yes, deposit rejected
659, 2017/10/29, 17:42:22, 1702088243, 1099, 548364, yes, withdrawal accepted
660, 2017/10/29, 17:42:24, 1433430006, 4870, 81258, yes, deposit accepted
661, 2017/10/29, 17:42:24, 0412115295, 25311, 236959, yes, deposit rejected
662, 2017/10/29, 17:42:24, 1237876635, 27081, 286032, yes, deposit rejected
663, 2017/10/29, 17:42:25, 0847550036, 26132, 359505, yes, deposit rejected
664, 2017/10/29, 17:42:26, 1171654299, 12560, 31384, no, N/A
665, 2017/10/29, 17:42:27, 1884391316, 16030, 366415, yes, deposit rejected
666, 2017/10/29, 17:42:28, 1823139078, 18413, 43183, yes, deposit rejected
667, 2017/10/29, 17:42:28, 2123696837, 6241, 79, yes, deposit accepted
668, 2017/10/29, 17:42:28, 0950756927, 11686, 70428, yes, withdrawal rejected
669, 2017/10/29, 17:42:29, 1421619503, 29805, 249642, yes, withdrawal rejected
670, 2017/10/29, 17:42:30, 1392347878, 21101, 38539, yes, deposit rejected
671, 2017/10/29, 17:42:30, 1983188159, 27388, 180094, yes, withdrawal rejected
672, 2017/10/29, 17:42:32, 1718944972, 1116, 10446, yes, withdrawal accepted
673, 2017/10/29, 17:42:32, 1963076129, 28632, 71650, yes, deposit rejected
674, 2017/10/29, 17:42:33, 1775801022, 11873, 209277, yes, deposit rejected
675, 2017/10/29, 17:42:34, 0830833994, 18121, 230750, yes, deposit rejected
676, 2017/10/29, 17:42:35, 1574034188, 14423, 335150, yes, deposit accepted
677, 2017/10/29, 17:42:36, 0315849678, 14990, 224710, yes, deposit rejected
678, 2017/10/29, 17:42:36, 1090227295, 11694, 409781, yes, deposit accepted
679, 2017/10/29, 17:42:36, 1269215166, 29023, 772752, yes, deposit rejected
680, 2017/10/29, 17:42:39, 1448311461, 11716, 377796, yes, withdrawal rejected
681, 2017/10/29, 17:42:40, 0829479580, 27545, 56600, no, N/A
682, 2017/10/29, 17:42:40, 1798826212, 27504, 276099, yes, deposit rejected
683, 2017/10/29, 17:42:40, 1492162414, 9816, 274556, yes, withdrawal accepted
684, 2017/10/29, 17:42:40, 0623653442, 19426, 38203, no, N/A
685, 2017/10/29, 17:42:40, 0551084863, 3083, 30848, no, N/A
686, 2017/10/29, 17:42:41, 0760065788, 27481, 17433, no, N/A
687, 2017/10/29, 17:42:41, 2068628032, 4561, 176584, yes, deposit accepted
688, 2017/10/29, 17:42:43, 0494456150, 17568, 140623, yes, withdrawal rejected
689, 2017/10/29, 17:42:44, 1963076129, 6330, 116395, yes, deposit accepted
690, 2017/10/29, 17:42:45, 0695073553, 14491, 424157, yes, deposit rejected
691, 2017/10/29, 17:42:45, 0795771305, 20787, 508190, yes, withdrawal rejected
692, 2017/10/29, 17:42:46, 1354562656, 14209, 32210, no, N/A
693, 2017/10/29, 17:42:47, 1532291445, 23401, 738183, yes, deposit rejected
694, 2017/10/29, 17:42:48, 1655250511, 22132, 240918, yes, deposit rejected
695, 2017/10/29, 17:42:48, 1547331463, 15356, 24287, no, N/A
696, 2017/10/29, 17:42:48, 0279678256, 2121, 51454, no, N/A
697, 2017/10/29, 17:42:48, 0611274427, 23643, 679, no, N/A
698, 2017/10/29, 17:42:49, 1523550181, 23792, 59532, yes, deposit rejected
699, 2017/10/29, 17:42:49, 1383457193, 2977, 28316, yes, withdrawal accepted
700, 2017/10/29, 17:42:49, 1081995859, 25277, 22435, no, N/A
701, 2017/10/29, 17:42:50, 2088015811, 29123, 858491, yes, deposit rejected
702, 2017/10/29, 17:42:53, 1104012402, 13958, 27311, no, N/A
703, 2017/10/29, 17:42:53, 0028931740, 54, 5946, yes, deposit accepted
704, 2017/10/29, 17:42:53, 1730905781, 7215, 27167, yes, withdrawal rejected
705, 2017/10/29, 17:42:54, 0515185227, 6346, 40698, yes, withdrawal accepted
706, 2017/10/29, 17:42:54, 1419313076, 22787, 32615, no, N/A
707, 2017/10/29, 17:42:55, 2031309539, 9563, 412110, yes, deposit rejected
708, 2017/10/29, 17:42:57, 1852331833, 17713, 588529, yes, deposit rejected
709, 2017/10/29, 17:42:57, 0084283712, 10542, 147837, yes, deposit rejected
710, 2017/10/29, 17:42:58, 0322639755, 11157, 574034, yes, withdrawal rejected
711, 2017/10/29, 17:43:00, 1635659700, 30, 59129, yes, deposit accepted
712, 2017/10/29, 17:43:01, 0085189874, 28780, 511285, no, N/A
713, 2017/10/29, 17:43:04, 1988101429, 23852, 374683, yes, deposit rejected
714, 2017/10/29, 17:43:05, 1642467637, 27264, 47265, yes, deposit rejected
715, 2017/10/29, 17:43:05, 0314242567, 17165, 19196, no, N/A
716, 2017/10/29, 17:43:06, 1642467637, 2193, 373279, yes, deposit accepted
717, 2017/10/29, 17:43:06, 1752475549, 13314, 70079, yes, deposit rejected
718, 2017/10/29, 17:43:06, 2032186465, 313, 7675, yes, deposit accepted
719, 2017/10/29, 17:43:06, 0060340137, 2691, 15852, yes, deposit accepted
720, 2017/10/29, 17:43:06, 0386034853, 21456, 22694, no, N/A
721, 2017/10/29, 17:43:07, 1449443132, 15903, 243921, yes, deposit rejected
722, 2017/10/29, 17:43:07, 1299810363, 24567, 7653, no, N/A
723, 2017/10/29, 17:43:08, 1016406230, 28065, 258282, yes, withdrawal rejected
724, 2017/10/29, 17:43:10, 1788988237, 16447, 6178, no, N/A
725, 2017/10/29, 17:43:10, 1772534073, 3216, 268767, yes, withdrawal accepted
726, 2017/10/29, 17:43:10, 1464408786, 19632, 49799, no, N/A
727, 2017/10/29, 17:43:11, 0710474532, 19924, 11485, no, N/A
728, 2017/10/29, 17:43:11, 0157386116, 10214, 369612, yes, deposit accepted
729, 2017/10/29, 17:43:13, 1777928343, 1847, 117611, yes, withdrawal accepted
730, 2017/10/29, 17:43:14, 1299810363, 2892, 10065, no, N/A
731, 2017/10/29, 17:43:14, 0983878950, 6252, 539545, yes, deposit accepted
732, 2017/10/29, 17:43:14, 0824216491, 23841, 269654, yes, deposit rejected
733, 2017/10/29, 17:43:15, 0034220485, 27126, 263779, yes, withdrawal rejected
734, 2017/10/29, 17:43:16, 1823139078, 14725, 93267, yes, withdrawal rejected
735, 2017/10/29, 17:43:17, 0940311719, 27142, 210484, yes, deposit rejected
736, 2017/10/29, 17:43:18, 1475008361, 23029, 292821, yes, withdrawal rejected
737, 2017/10/29, 17:43:19, 1751239408, 20902, 31059, no, N/A
738, 2017/10/29, 17:43:21, 1552699391, 25038, 132798, yes, withdrawal rejected
739, 2017/10/29, 17:43:21, 0810733283, 26311, 319628, yes, deposit rejected
740, 2017/10/29, 17:43:22, 1633623409, 6002, 153405, yes, deposit accepted
741, 2017/10/29, 17:43:22, 1392347878, 12583, 19894, yes, deposit accepted
742, 2017/10/29, 17:43:22, 1104012402, 24721, 611019, yes, deposit rejected
743, 2017/10/29, 17:43:22, 2088015811, 11627, 181288, yes, withdrawal rejected
744, 2017/10/29, 17:43:24, 1588594122, 16614, 5328, no, N/A
745, 2017/10/29, 17:43:25, 1125748211, 3431, 102845, yes, deposit accepted
746, 2017/10/29, 17:43:25, 0033602019, 11215, 27532, no, N/A
747, 2017/10/29, 17:43:26, 0322639755, 6952, 48221, no, N/A
748, 2017/10/29, 17:43:28, 1344756393, 154, 60741, yes, deposit accepted
749, 2017/10/29, 17:43:28, 0906958723, 15151, 561249, yes, deposit rejected
750, 2017/10/29, 17:43:29, 0560262761, 14752, 128482, yes, deposit accepted
751, 2017/10/29, 17:43:30, 1823139078, 12477, 5348, no, N/A
752, 2017/10/29, 17:43:30, 1189893589, 10942, 515387, yes, deposit rejected
753, 2017/10/29, 17:43:30, 1427456419, 21172, 313212, yes, deposit rejected
754, 2017/10/29, 17:43:31, 1534372268, 18979, 173617, yes, withdrawal accepted
755, 2017/10/29, 17:43:32, 0294656389, 14747, 217985, yes, withdrawal rejected
756, 2017/10/29, 17:43:34, 0373552546, 26646, 161309, yes, withdrawal rejected
757, 2017/10/29, 17:43:34, 0224531376, 17969, 419412, yes, withdrawal rejected
758, 2017/10/29, 17:43:34, 1060339879, 778, 647902, yes, withdrawal rejected
759, 2017/10/29, 17:43:35, 0950756927, 21990, 238871, yes, deposit rejected
760, 2017/10/29, 17:43:35, 0034220485, 24284, 210780, yes, deposit rejected
761, 2017/10/29, 17:43:36, 0560262761, 7682, 170023, yes, deposit accepted
762, 2017/10/29, 17:43:37, 1638623666, 11784, 155508, yes, deposit accepted
763, 2017/10/29, 17:43:37, 1087182476, 9939, 295022, yes, withdrawal rejected
764, 2017/10/29, 17:43:38, 1415469737, 11570, 349104, yes, deposit rejected
765, 2017/10/29, 17:43:40, 1965885047, 19638, 57392, yes, withdrawal accepted
766, 2017/10/29, 17:43:40, 1496662178, 1417, 675634, yes, withdrawal accepted
767, 2017/10/29, 17:43:41, 1913351612, 27464, 30182, yes, deposit rejected
768, 2017/10/29, 17:43:42, 0112440636, 26079, 298203, yes, withdrawal rejected
769, 2017/10/29, 17:43:43, 0386034853, 29775, 319873, yes, withdrawal rejected
770, 2017/10/29, 17:43:44, 1898409101, 7759, 286733, yes, withdrawal accepted
771, 2017/10/29, 17:43:44, 1988101429, 28224, 14890, no, N/A
772, 2017/10/29, 17:43:45, 0455606495, 1291, 84467, yes, deposit accepted
773, 2017/10/29, 17:43:45, 0511397659, 2206, 366466, yes, withdrawal accepted
774, 2017/10/29, 17:43:47, 0344685424, 22311, 279154, yes, deposit rejected
775, 2017/10/29, 17:43:47, 1415482407, 25669, 290183, yes, withdrawal rejected
776, 2017/10/29, 17:43:49, 0120311716, 25960, 123601, yes, deposit rejected
777, 2017/10/29, 17:43:49, 0710836405, 10449, 283080, yes, withdrawal accepted
778, 2017/10/29, 17:43:50, 1079051038, 20087, 66294, yes, withdrawal rejected
779, 2017/10/29, 17:43:50, 0112848847, 17605, 281704, yes, withdrawal rejected
780, 2017/10/29, 17:43:50, 1825067103, 19816, 67021, yes, withdrawal rejected
781, 2017/10/29, 17:43:51, 1631575961, 25968, 64189, yes, withdrawal accepted
782, 2017/10/29, 17:43:51, 1464408786, 8450, 378086, yes, deposit rejected
783, 2017/10/29, 17:43:52, 1481892975, 6388, 15666, yes, withdrawal accepted
784, 2017/10/29, 17:43:52, 0705674816, 23479, 195243, yes, withdrawal rejected
785, 2017/10/29, 17:43:52, 1693385382, 1236, 48772, no, N/A
786, 2017/10/29, 17:43:52, 1449443132, 21827, 184146, yes, withdrawal rejected
787, 2017/10/29, 17:43:52, 0386034853, 17377, 289000, yes, withdrawal accepted
788, 2017/10/29, 17:43:53, 0734981938, 9440, 575596, yes, deposit accepted
789, 2017/10/29, 17:43:54, 1461785611, 3134, 404748, yes, deposit accepted
790, 2017/10/29, 17:43:54, 2114657959, 15117, 10587, no, N/A
791, 2017/10/29, 17:43:54, 1618745231, 7562, 250964, yes, deposit accepted
792, 2017/10/29, 17:43:55, 0408996453, 19917, 249124, yes, withdrawal accepted
793, 2017/10/29, 17:43:56, 1825067103, 5233, 170187, yes, deposit accepted
794, 2017/10/29, 17:43:57, 1040945694, 28142, 436190, yes, deposit rejected
795, 2017/10/29, 17:43:58, 0910795271, 1008, 81264, yes, withdrawal accepted
796, 2017/10/29, 17:43:59, 0801780032, 17250, 375204, yes, deposit rejected
797, 2017/10/29, 17:43:59, 1393344932, 9281, 40997, yes, deposit accepted
798, 2017/10/29, 17:43:59, 1532291445, 7983, 628053, yes, deposit accepted
799, 2017/10/29, 17:44:00, 0925345829, 8476, 401232, yes, withdrawal accepted
800, 2017/10/29, 17:44:01, 0467858875, 17218, 255651, yes, withdrawal accepted
801, 2017/10/29, 17:44:01, 1198554106, 14504, 30018, no, N/A
802, 2017/10/29, 17:44:01, 0112848847, 13386, 360103, yes, withdrawal rejected
803, 2017/10/29, 17:44:01, 1519036175, 23200, 540388, yes, deposit rejected
804, 2017/10/29, 17:44:01, 0273629146, 18008, 53231, yes, withdrawal accepted
805, 2017/10/29, 17:44:02, 1306515666, 237, 55857, no, N/A
806, 2017/10/29, 17:44:02, 1823139078, 14433, 44575, yes, deposit rejected
807, 2017/10/29, 17:44:02, 1535678966, 26784, 43019, no, N/A
808, 2017/10/29, 17:44:02, 1416722413, 25994, 175998, yes, deposit rejected
809, 2017/10/29, 17:44:04, 0273629146, 29048, 203535, yes, withdrawal rejected
810, 2017/10/29, 17:44:04, 0455606495, 20291, 46651, no, N/A
811, 2017/10/29, 17:44:05, 0597553713, 5204, 279321, yes, deposit accepted
812, 2017/10/29, 17:44:06, 1092982324, 28641, 50028, no, N/A
813, 2017/10/29, 17:44:06, 1991063993, 8530, 45231, no, N/A
814, 2017/10/29, 17:44:07, 0947767708, 14314, 11287, no, N/A
815, 2017/10/29, 17:44:07, 0672107389, 2168, 131926, yes, withdrawal rejected
816, 2017/10/29, 17:44:08, 0974776969, 19234, 55490, no, N/A
817, 2017/10/29, 17:44:08, 1299810363, 2115, 192462, yes, withdrawal accepted
818, 2017/10/29, 17:44:09, 0314843816, 21537, 71031, yes, withdrawal accepted
819, 2017/10/29, 17:44:09, 0688239004, 23898, 508149, yes, withdrawal rejected
820, 2017/10/29, 17:44:10, 0056383336, 6428, 123597, yes, withdrawal accepted
821, 2017/10/29, 17:44:12, 0962149670, 26007, 37031, no, N/A
822, 2017/10/29, 17:44:13, 0677179482, 10568, 10229, yes, withdrawal accepted
823, 2017/10/29, 17:44:13, 1231942602, 54, 73477, yes, deposit accepted
824, 2017/10/29, 17:44:14, 0830833994, 14559, 121249, yes, withdrawal rejected
825, 2017/10/29, 17:44:14, 0093715057, 1277, 345202, yes, withdrawal accepted
826, 2017/10/29, 17:44:15, 1752475549, 18426, 1831, no, N/A
827, 2017/10/29, 17:44:15, 0524643495, 5287, 486151, yes, withdrawal accepted
828, 2017/10/29, 17:44:16, 0795771305, 2025, 28273, yes, withdrawal accepted
829, 2017/10/29, 17:44:16, 1374968680, 14805, 45227, no, N/A
830, 2017/10/29, 17:44:17, 0443703994, 7510, 41320, no, N/A
831, 2017/10/29, 17:44:18, 0906958723, 15150, 34413, yes, deposit rejected
832, 2017/10/29, 17:44:19, 1211135449, 16360, 137407, yes, deposit rejected
833, 2017/10/29, 17:44:19, 1572772836, 24284, 288560, yes, deposit rejected
834, 2017/10/29, 17:44:19, 0211746095, 25706, 42537, no, N/A
835, 2017/10/29, 17:44:19, 1166775767, 8030, 73790, yes, deposit accepted
836, 2017/10/29, 17:44:20, 1021225032, 6330, 96743, yes, deposit accepted
837, 2017/10/29, 17:44:20, 0504269268, 7846, 45066, no, N/A
838, 2017/10/29, 17:44:21, 0974776969, 12285, 96427, yes, withdrawal rejected
839, 2017/10/29, 17:44:21, 2084922967, 15518, 491686, yes, withdrawal accepted
840, 2017/10/29, 17:44:22, 1768026774, 3426, 190208, yes, withdrawal accepted
841, 2017/10/29, 17:44:22, 1642467637, 2113, 10143, yes, deposit accepted
842, 2017/10/29, 17:44:22, 0201432361, 19995, 240413, yes, withdrawal accepted
843, 2017/10/29, 17:44:22, 0740800946, 29488, 438091, yes, withdrawal rejected
844, 2017/10/29, 17:44:23, 2114657959, 8028, 33574, yes, withdrawal rejected
845, 2017/10/29, 17:44:23, 0760065788, 9583, 41793, no, N/A
846, 2017/10/29, 17:44:23, 0951090274, 23566, 54205, no, N/A
847, 2017/10/29, 17:44:23, 1091918048, 10977, 11040, no, N/A
848, 2017/10/29, 17:44:23, 2012018634, 28554, 141616, yes, deposit rejected
849, 2017/10/29, 17:44:23, 1009770270, 6598, 262876, yes, withdrawal rejected
850, 2017/10/29, 17:44:23, 0909425785, 22754, 695063, yes, deposit rejected
851, 2017/10/29, 17:44:24, 0492213284, 22901, 228028, yes, deposit rejected
852, 2017/10/29, 17:44:25, 1408798960, 8016, 339004, yes, withdrawal accepted
853, 2017/10/29, 17:44:25, 1181283123, 21556, 255847, yes, withdrawal rejected
854, 2017/10/29, 17:44:26, 1988101429, 2576, 56174, no, N/A
855, 2017/10/29, 17:44:27, 0038279275, 20187, 278, no, N/A
856, 2017/10/29, 17:44:27, 1415482407, 29677, 632726, yes, withdrawal rejected
857, 2017/10/29, 17:44:28, 0381885172, 22969, 9489, yes, withdrawal accepted
858, 2017/10/29, 17:44:30, 1624342755, 25692, 540215, yes, deposit rejected
859, 2017/10/29, 17:44:32, 0483639972, 26483, 404400, yes, deposit rejected
860, 2017/10/29, 17:44:32, 0322639755, 22620, 660887, yes, deposit rejected
861, 2017/10/29, 17:44:34, 1215620585, 27825, 47408, yes, withdrawal rejected
862, 2017/10/29, 17:44:35, 1852262031, 7694, 915, no, N/A
863, 2017/10/29, 17:44:36, 1825067103, 7920, 332606, yes, deposit accepted
864, 2017/10/29, 17:44:37, 0597553713, 29594, 38394, yes, deposit rejected
865, 2017/10/29, 17:44:37, 0392085068, 2193, 399659, yes, deposit accepted
866, 2017/10/29, 17:44:40, 0112848847, 17862, 96380, yes, deposit rejected
867, 2017/10/29, 17:44:40, 0104415253, 4520, 2631, yes, deposit accepted
868, 2017/10/29, 17:44:40, 0273629146, 24627, 140283, yes, withdrawal rejected
869, 2017/10/29, 17:44:40, 0141054409, 22884, 247129, yes, deposit rejected
870, 2017/10/29, 17:44:40, 1913351612, 9954, 165655, yes, deposit rejected
871, 2017/10/29, 17:44:41, 1506018414, 6749, 411828, yes, withdrawal accepted
872, 2017/10/29, 17:44:41, 0080410425, 18296, 189315, yes, withdrawal accepted
873, 2017/10/29, 17:44:42, 1317357717, 28932, 396067, yes, deposit rejected
874, 2017/10/29, 17:44:45, 1211135449, 18781, 346150, yes, deposit rejected
875, 2017/10/29, 17:44:45, 1354562656, 25042, 482897, yes, deposit rejected
876, 2017/10/29, 17:44:46, 1104012402, 11452, 461961, yes, deposit accepted
877, 2017/10/29, 17:44:46, 0649709426, 17626, 182911, yes, withdrawal accepted
878, 2017/10/29, 17:44:46, 1929777817, 26403, 384504, yes, deposit rejected
879, 2017/10/29, 17:44:46, 0676032501, 3739, 453408, yes, withdrawal accepted
880, 2017/10/29, 17:44:47, 0034220485, 29767, 48997, no, N/A
881, 2017/10/29, 17:44:48, 0083125077, 2209, 31377, yes, withdrawal accepted
882, 2017/10/29, 17:44:48, 0950756927, 6696, 209746, yes, withdrawal rejected
883, 2017/10/29, 17:44:48, 0672107389, 16784, 17083, yes, deposit accepted
884, 2017/10/29, 17:44:48, 2051431214, 18531, 497856, yes, deposit rejected
885, 2017/10/29, 17:44:49, 1326557385, 1523, 238990, yes, deposit accepted
886, 2017/10/29, 17:44:49, 0093086125, 18144, 157885, yes, deposit rejected
887, 2017/10/29, 17:44:50, 1991063993, 16570, 861983, yes, deposit rejected
888, 2017/10/29, 17:44:51, 1825067103, 28502, 54145, yes, deposit rejected
889, 2017/10/29, 17:44:51, 1624342755, 4204, 437348, yes, deposit accepted
890, 2017/10/29, 17:44:52, 1756514879, 5275, 192494, yes, withdrawal accepted
891, 2017/10/29, 17:44:53, 2014240269, 16095, 553973, yes, withdrawal rejected
892, 2017/10/29, 17:44:53, 1694380451, 6302, 293616, yes, deposit accepted
893, 2017/10/29, 17:44:54, 0709242776, 23139, 249913, yes, withdrawal rejected
894, 2017/10/29, 17:44:54, 1695699603, 26719, 404395, yes, withdrawal rejected
895, 2017/10/29, 17:44:54, 0953059297, 14569, 463599, yes, withdrawal rejected
896, 2017/10/29, 17:44:55, 1166775767, 21963, 230404, yes, deposit rejected
897, 2017/10/29, 17:44:56, 0112848847, 21466, 171580, yes, withdrawal rejected
898, 2017/10/29, 17:44:56, 0466413418, 3100, 43599, yes, deposit rejected
899, 2017/10/29, 17:44:56, 2048341564, 27414, 280606, yes, deposit rejected
900, 2017/10/29, 17:44:59, 1807936612, 12016, 352032, yes, withdrawal rejected
901, 2017/10/29, 17:44:59, 1283734956, 20013, 42203, no, N/A
902, 2017/10/29, 17:44:59, 1033182832, 1688, 304250, yes, withdrawal accepted
903, 2017/10/29, 17:44:59, 0911280607, 22810, 225659, yes, deposit rejected
904, 2017/10/29, 17:44:59, 1963076129, 13803, 10790, yes, deposit accepted
905, 2017/10/29, 17:45:00, 0643670347, 18635, 432948, yes, withdrawal rejected
906, 2017/10/29, 17:45:00, 1492162414, 9745, 48960, yes, withdrawal accepted
907, 2017/10/29, 17:45:01, 1586289393, 26989, 256659, yes, withdrawal rejected
908, 2017/10/29, 17:45:01, 0261531596, 8662, 235643, yes, deposit accepted
909, 2017/10/29, 17:45:02, 1642467637, 23247, 23374, yes, withdrawal rejected
910, 2017/10/29, 17:45:02, 0734981938, 8259, 662544, yes, withdrawal accepted
911, 2017/10/29, 17:45:02, 0971457991, 1520, 58546, yes, deposit accepted
912, 2017/10/29, 17:45:02, 2084922967, 17539, 42106, no, N/A
913, 2017/10/29, 17:45:03, 0216961667, 19898, 14807, yes, withdrawal rejected
914, 2017/10/29, 17:45:03, 1253323997, 17280, 263877, yes, deposit rejected
915, 2017/10/29, 17:45:03, 1639930649, 13997, 594819, yes, withdrawal accepted
916, 2017/10/29, 17:45:06, 1854207091, 8094, 392813, yes, deposit accepted
917, 2017/10/29, 17:45:07, 0499612512, 12532, 23404, yes, deposit accepted
918, 2017/10/29, 17:45:08, 2051431214, 16078, 54494, yes, withdrawal accepted
919, 2017/10/29, 17:45:09, 0925775273, 6318, 294797, yes, withdrawal rejected
920, 2017/10/29, 17:45:09, 0714719014, 19329, 56895, yes, withdrawal accepted
921, 2017/10/29, 17:45:10, 0873885974, 11042, 16478, no, N/A
922, 2017/10/29, 17:45:12, 1772534073, 8413, 265764, yes, deposit rejected
923, 2017/10/29, 17:45:12, 0443703994, 10028, 404705, yes, withdrawal rejected
924, 2017/10/29, 17:45:13, 1700919921, 11861, 359666, yes, deposit accepted
925, 2017/10/29, 17:45:13, 1920056874, 6519, 412228, yes, withdrawal accepted
926, 2017/10/29, 17:45:14, 0483639972, 10828, 311035, yes, withdrawal accepted
927, 2017/10/29, 17:45:14, 1527215775, 4003, 1336, no, N/A
928, 2017/10/29, 17:45:14, 0734981938, 10808, 27062, no, N/A
929, 2017/10/29, 17:45:15, 1595243918, 7212, 309153, yes, deposit accepted
930, 2017/10/29, 17:45:15, 0392085068, 10401, 586972, yes, deposit rejected
931, 2017/10/29, 17:45:18, 0343466238, 16996, 117374, yes, withdrawal rejected
932, 2017/10/29, 17:45:19, 1046878571, 16926, 44982, yes, withdrawal accepted
933, 2017/10/29, 17:45:19, 0382599417, 18914, 478567, yes, deposit rejected
934, 2017/10/29, 17:45:22, 1125187120, 23215, 203584, yes, withdrawal accepted
935, 2017/10/29, 17:45:22, 1972707218, 3532, 445256, yes, deposit rejected
936, 2017/10/29, 17:45:22, 1577312590, 7121, 30685, no, N/A
937, 2017/10/29, 17:45:23, 1634949238, 25852, 422708, yes, deposit rejected
938, 2017/10/29, 17:45:24, 1737537149, 10508, 51181, no, N/A
939, 2017/10/29, 17:45:24, 1785502556, 3075, 58989, yes, withdrawal accepted
940, 2017/10/29, 17:45:25, 0578905752, 29846, 186454, yes, withdrawal rejected
941, 2017/10/29, 17:45:26, 0093086125, 17236, 216922, yes, withdrawal rejected
942, 2017/10/29, 17:45:27, 0422579999, 28077, 260679, yes, withdrawal rejected
943, 2017/10/29, 17:45:27, 1588594122, 29773, 432063, yes, deposit rejected
944, 2017/10/29, 17:45:28, 1647686880, 6611, 811138, yes, deposit accepted
945, 2017/10/29, 17:45:28, 1580926554, 12358, 959586, yes, withdrawal rejected
946, 2017/10/29, 17:45:32, 1869399324, 26181, 170079, yes, deposit rejected
947, 2017/10/29, 17:45:32, 1703011849, 25154, 853153, yes, deposit rejected
948, 2017/10/29, 17:45:34, 1189893589, 581, 179586, yes, deposit accepted
949, 2017/10/29, 17:45:34, 0622732730, 25757, 92273, yes, withdrawal rejected
950, 2017/10/29, 17:45:36, 0695073553, 19490, 406101, yes, deposit rejected
951, 2017/10/29, 17:45:36, 0958979258, 21909, 459711, yes, withdrawal rejected
952, 2017/10/29, 17:45:37, 0349219220, 4226, 779590, yes, withdrawal rejected
953, 2017/10/29, 17:45:37, 0951090274, 4950, 170873, yes, deposit accepted
954, 2017/10/29, 17:45:37, 0950756927, 9239, 264309, yes, withdrawal rejected
955, 2017/10/29, 17:45:37, 0597553713, 11677, 30545, no, N/A
956, 2017/10/29, 17:45:38, 1016934657, 348, 45382, no, N/A
957, 2017/10/29, 17:45:38, 1595243918, 13520, 235258, yes, deposit rejected
958, 2017/10/29, 17:45:39, 1535678966, 27309, 44509, yes, withdrawal rejected
959, 2017/10/29, 17:45:39, 1079051038, 28816, 88239, yes, withdrawal rejected
960, 2017/10/29, 17:45:39, 1237876635, 23361, 524324, yes, deposit rejected
961, 2017/10/29, 17:45:40, 0734981938, 1486, 6824, no, N/A
962, 2017/10/29, 17:45:40, 1819723781, 19843, 515370, yes, deposit rejected
963, 2017/10/29, 17:45:42, 0066885374, 5046, 37847, no, N/A
964, 2017/10/29, 17:45:44, 1462045139, 21755, 437370, yes, withdrawal rejected
965, 2017/10/29, 17:45:47, 2032186465, 16467, 526652, yes, withdrawal rejected
966, 2017/10/29, 17:45:47, 0142967037, 7195, 57482, no, N/A
967, 2017/10/29, 17:45:48, 1162843625, 3515, 119102, yes, withdrawal accepted
968, 2017/10/29, 17:45:48, 1096097261, 2392, 22124, no, N/A
969, 2017/10/29, 17:45:48, 0523032001, 19491, 52740, no, N/A
970, 2017/10/29, 17:45:49, 1884391316, 24331, 914335, yes, deposit rejected
971, 2017/10/29, 17:45:50, 0962149670, 13666, 17864, yes, withdrawal accepted
972, 2017/10/29, 17:45:50, 1997128358, 315, 225433, yes, withdrawal accepted
973, 2017/10/29, 17:45:50, 1546973408, 10463, 134508, yes, deposit rejected
974, 2017/10/29, 17:45:50, 1737537149, 2494, 270249, no, N/A
975, 2017/10/29, 17:45:51, 0066885374, 21981, 45391, yes, deposit rejected
976, 2017/10/29, 17:45:53, 0750323145, 18996, 114312, yes, withdrawal rejected
977, 2017/10/29, 17:45:54, 0627942095, 841, 498502, yes, deposit accepted
978, 2017/10/29, 17:45:55, 1775801022, 17653, 1366, yes, deposit rejected
979, 2017/10/29, 17:45:55, 2087164928, 11927, 424451, yes, withdrawal accepted
980, 2017/10/29, 17:45:56, 1586289393, 27168, 268038, yes, withdrawal rejected
981, 2017/10/29, 17:45:57, 1146379609, 11420, 157775, yes, deposit rejected
982, 2017/10/29, 17:45:57, 1730905781, 6481, 47412, yes, deposit rejected
983, 2017/10/29, 17:45:58, 0560160406, 19193, 296765, yes, deposit rejected
984, 2017/10/29, 17:45:58, 2108159544, 2086, 178714, yes, withdrawal accepted
985, 2017/10/29, 17:45:58, 1837686826, 3054, 93603, yes, deposit accepted
986, 2017/10/29, 17:46:00, 1593276900, 9421, 201230, yes, deposit rejected
987, 2017/10/29, 17:46:00, 1566638531, 4549, 350000, yes, withdrawal accepted
988, 2017/10/29, 17:46:01, 1726939957, 9492, 170427, yes, deposit accepted
989, 2017/10/29, 17:46:01, 1965000197, 3116, 349765, yes, withdrawal accepted
990, 2017/10/29, 17:46:02, 1888143972, 20059, 504739, yes, withdrawal accepted
991, 2017/10/29, 17:46:03, 1736654785, 12823, 138062, yes, deposit accepted
992, 2017/10/29, 17:46:03, 0910795271, 12152, 10899, no, N/A
993, 2017/10/29, 17:46:04, 0335378255, 28229, 719809, yes, withdrawal accepted
994, 2017/10/29, 17:46:04, 1448311461, 17393, 581122, yes, deposit rejected
995, 2017/10/29, 17:46:05, 0112848847, 11173, 315319, yes, deposit rejected
996, 2017/10/29, 17:46:05, 1060339879, 17494, 24516, no, N/A
997, 2017/10/29, 17:46:06, 2131967187, 4485, 243728, yes, withdrawal accepted
998, 2017/10/29, 17:46:07, 1267995105, 16283, 136180, yes, deposit rejected
999, 2017/10/29, 17:46:07, 1035646226, 23926, 602256, yes, withdrawal rejected
